{"listing_id": "1148279", "reviewer_id": "19954269", "text": "The apartment was so clean and comfortable.  We had plenty of alone time which was perfect for our travel needs: a safe place to crash and snooze in between our hectic schedule.", "reviewer_name": "Magdalene", "listing_longitude": "-73.94839340169014", "host_name": "Yoki", "listing_name": "Family Owned & Operated Brownstone", "date": "2014-12-22", "host_id": "6294856", "review_id": "24173506", "listing_latitude": "40.680181359197405"}