{"listing_id": "115678", "reviewer_id": "11027361", "text": "Loved the brownstone and the area. Gave us a real look at New York. Close to the subway and supermarket as well great shopping only a couple of streets away. Apartment was very clean and had everything we required and although it looked exactly as in the photos was quite old and patched up very poorly. We arrived on a hot day and it took 2 days for the apartment to cool down. The airconditioning was close to useless. The fridge did not keep our drinks cold and the bed in the main room was only a double and the springs squeaked every time you moved. Curtains did not darken the rooms and the sheets and towels were of very poor quality. ", "reviewer_name": "Dianne", "listing_longitude": "-73.9409468848735", "host_name": "Will", "listing_name": "Your Stunning Vacation Apartment!", "date": "2014-06-26", "host_id": "127772", "review_id": "14768496", "listing_latitude": "40.818218466557525"}