{"listing_id": "506306", "reviewer_id": "7334038", "text": "Paul was very gracious, when we arrived he gave us a handout with locations of the subway, places to eat, pick up groceries and tips about the apartment. We felt very welcome! the room was a nice size and the bed was super comfortable. On the downside his dog and air conditioning were a little loud.\r\nHIGHLY recommend!", "reviewer_name": "Aidan", "listing_longitude": "-73.98937115554887", "host_name": "Paul", "listing_name": "Spacious room in cozy Boerum Hill", "date": "2013-08-13", "host_id": "2495797", "review_id": "6463900", "listing_latitude": "40.686986552490545"}