{"listing_id": "506306", "reviewer_id": "697427", "text": "Paul was an excellent host. The room was large and comfortable and came with a closet. The place was neat and clean. Paul was very friendly. He has a dog which is very tame and like Paul friendly. The building is a short walk to the subway, downtown Brooklyn, Tkts booth (you can walk or take the subway 1 stop) banks/atms, food stores, restaurants, and other services. He charges a fair price for his location. I highly recommend him.", "reviewer_name": "Ken", "listing_longitude": "-73.98937115554887", "host_name": "Paul", "listing_name": "Spacious room in cozy Boerum Hill", "date": "2013-07-24", "host_id": "2495797", "review_id": "5968681", "listing_latitude": "40.686986552490545"}