{"listing_id": "506306", "reviewer_id": "1555632", "text": "Paul apartment was nice, and the location was super convenience. There are many good places around the neighborhood for food, and subway is around the corner. I would recommend the place if you dont mind the lovely dog (with some dog hair around the apartment) but that didn't bother us :)", "reviewer_name": "An", "listing_longitude": "-73.98937115554887", "host_name": "Paul", "listing_name": "Spacious room in cozy Boerum Hill", "date": "2012-08-09", "host_id": "2495797", "review_id": "1933352", "listing_latitude": "40.686986552490545"}