{"listing_id": "651475", "reviewer_id": "5288301", "text": "Casper was generously flexible with my check-in; i was nervous about being trapped in DC by the snowstorm, and he made several accommodations on time changes throughout the evening to work it out, very thoughtful. I lived two blocks from his place for most of my adult life, so being able to return for work to an clean, well-appointed, classic apartment in my neighborhood was a true pleasure--i'll hope to be able to stay there again in the future! i would add (though i hope that doesn't make it change)-- it's a very good price: there's almost nowhere in manhattan more convenient to literally everything you need--whatever you do or like--than around union square. ", "reviewer_name": "Shamim", "listing_longitude": "-73.98399747864235", "host_name": "Casper", "listing_name": "Comfortable, clean & quiet in EV", "date": "2014-03-08", "host_id": "468752", "review_id": "10803035", "listing_latitude": "40.73337254895669"}