{"listing_id": "2977232", "reviewer_id": "20248878", "text": "Alesandra is an amazing host, I would strongly recommend her place. Very reasonable price for the good quality and cozy accommodation. Really, no complaints at all. Go ahead and book her flat, guys! ", "reviewer_name": "\u042e\u0440\u0438\u0439", "listing_longitude": "-73.94482017016313", "host_name": "Alesandra", "listing_name": "Low Winter Price by Central Park!", "date": "2016-01-14", "host_id": "15185319", "review_id": "59725589", "listing_latitude": "40.79285153420157"}