{"listing_id": "6104637", "reviewer_id": "17360094", "text": "One of the best Airbnb experience I've ever had!\nGreat neighborhood (which was my first concern), I even walked by night for an hour round there, it's really safe and quite!\nAwesome apartment, cosy room, really clean, lot of space, and the room is on the other side of the house, do you'll be next to the bathroom and you'll get your intimacy. \nAchilles is a great host, really discreet but there if you need him. \nI really had a great time, and I'll recommend this place to everybody! Nothing wrong to say about it!", "reviewer_name": "Guillaume", "listing_longitude": "-73.91081184967771", "host_name": "Achilles", "listing_name": "Just 15 Minutes to Midtown !!", "date": "2015-06-30", "host_id": "10606396", "review_id": "36746726", "listing_latitude": "40.77673184578338"}