{"listing_id": "6104637", "reviewer_id": "25017377", "text": "Sorry for the late review! Achilles is a very hospital host and he has a very goofy cat. The room is very spacious and definitely provides privacy and comfort I was looking for. Recommend to everyone looking to travel to New York City! ", "reviewer_name": "Xi", "listing_longitude": "-73.91081184967771", "host_name": "Achilles", "listing_name": "Just 15 Minutes to Midtown !!", "date": "2015-12-24", "host_id": "10606396", "review_id": "57323057", "listing_latitude": "40.77673184578338"}