{"listing_id": "3771656", "reviewer_id": "12498701", "text": "Really nice experience. Highly recommended! Eugene was also very helpful in all the things we were wondering about. He also came with great tips about things to do while in New York. The apartment is quite ok for New York standards and only a few blocks away from the subway.", "reviewer_name": "Ivar", "listing_longitude": "-73.95457505681182", "host_name": "Yevgeny", "listing_name": "Amazing Upper East Side Location", "date": "2015-05-28", "host_id": "19331457", "review_id": "33429436", "listing_latitude": "40.77632479255753"}