{"listing_id": "7095125", "reviewer_id": "42270987", "text": "\r\nAppartement tr\u00e8s bien situ\u00e9 aux carrefours des quartiers anim\u00e9s, mais l'appartement ou \u00e9tions avait un acc\u00e8s difficile 3 \u00e9tages tr\u00e8s raide sans ascenseur, cage d'escalier tr\u00e8s sale (m\u00e9gots urine odeur de poisson).\r\nAppartement  propre et calme, lit principal grand et tr\u00e8s confortable par contre le lit de la 3 \u00e8me personne matelas pneumatique a m\u00eame le sol dans la m\u00eame chambre \u00e7a faisait tr\u00e8s serr\u00e9 . De plus pas de rangement pour les 3 grosses valises  ni sous le lit ni dans le placard encombr\u00e9. Il a fallu batailler avec Candy pour \" avoir le droit\" de pendre nos affaires dans ce placard. Description des autres pi\u00e8ces conformes sauf que Candy habitait dans l'appartement ( non mentionn\u00e9 dans l'annonce)  et que la cohabitation fut difficile. Elle prenait des douches la nuit et  nous r\u00e9veillait \u00e0 chaque fois . Pour l'acc\u00e8s a la cuisine idem il a fallu demander \"vivement\" pour avoir de la place dans le frigo pour les petits d\u00e9jeuner et sa chambre donnait sur celle ci . Candy ne fut pas tr\u00e8s chaleureuse avec nous, chaque demande de renseignement personnalis\u00e9 elle nous renvoyait vers internet .  Bref on  s'est d\u00e9brouill\u00e9 seuls en \u00e9vitant le contact de CANDY  qui n'est pas \u00e0 notre avis \u00e0 la hauteur pour recevoir des touristes chez elle. Premi\u00e8re fois Airnb pas tr\u00e8s convaincante.", "reviewer_name": "Claude", "listing_longitude": "-73.99241186363034", "host_name": "Candy", "listing_name": "Location Clean Large w Queen Bed", "date": "2015-10-30", "host_id": "36656552", "review_id": "52486092", "listing_latitude": "40.71892051069551"}