{"listing_id": "951944", "reviewer_id": "4604413", "text": "Dominic's place is ALL you need for the perfect NYC vacation!\r\nLocated in the heart of the SOHO, 1 minute walk from the Subway, there is so much to do around and so easy to get to other places around the city.\r\nthe apartment is perfect for 1-2 ppl, and the photos accurately show the beauty of this place -  greatly designed, with a small kitchen and a dining table, there is even a small study and everything is very clean and comfortable. There is also a cable TV.\r\nonly one minor point for improvement - since it is Dominic's place, the closet was full with his things and we had only a very small space to put our stuff. Other than that it was perfect.\r\nThe apartment is on the fourth floor, with an elevator.\r\nDominic is really nice and responsive, and provided us with a list of recommendations. \r\nWe highly recommend staying in this beautiful apartment! ", "reviewer_name": "Dana", "listing_longitude": "-74.00306669619759", "host_name": "Dom", "listing_name": "Quiet Studio in Prime SoHo", "date": "2013-03-30", "host_id": "1408973", "review_id": "3951510", "listing_latitude": "40.72492733670143"}